Borough,Median_Rent,Avg_Income,Affordability_Ratio
Camden,1900,3200,0.59375
Hackney,1700,2900,0.5862068965517241
Croydon,1300,2600,0.5
Westminster,2200,3500,0.6285714285714286
Newham,1500,2700,0.5555555555555556
Tower Hamlets,1600,2800,0.5714285714285714
Islington,1800,3100,0.5806451612903226
Haringey,1400,2750,0.509090909090909
Southwark,1650,2850,0.5789473684210527
Barking and Dagenham,1200,2400,0.5
